{
  "Logging": {
    "LogLevel": {
      "Default": "Information",
      "Microsoft.AspNetCore": "Warning"
    }
  },
  "AllowedHosts": "*",
  "DeviceConfigurations": {
    "Devices": [
      {
        "DeviceId": "pill1",
        "Key": "pill1 key",
        "Correction": {
          "X": -9.425972,
          "Y": -0.1400608,
          "Z": -1.4221559
        },
        "PlatoCoefficients": {
          "C0": -19.438350272281394,
          "C1": 1.323566780568647,
          "C2": -0.029179786662429378,
          "C3": 0.00027017807462877705
        },
        "SGCoefficients": {
          "C0": 0.9166355292889313,
          "C1": 0.005803952191232523,
          "C2": -0.00013163634014487014,
          "C3": 0.000001217177341873548
        }
      }
    ]
  }
}